{
  "version": 3,
  "cfg": {
    "alpha": 1.0,
    "w_token": 1.0,
    "w_template": 1.0,
    "w_level": 0.25,
    "decay": 0.9999,
    "nn_window": 5000,
    "nn_topk": 2,
    "decay_every": 1,
    "max_tokens": 30000,
    "max_templates": 10000,
    "include_bigrams": false,
    "max_line_length": 2000,
    "max_tokens_per_line": 400,
    "renorm_min_scale": 1e-09
  },
  "token_counts": {
    "import": 5.0033038836717445,
    "os": 2.0032052859892397,
    "sys": 3.004706978064487,
    "subprocess": 3.004606537370681,
    "from": 1.0003000600100014,
    "pathlib": 1.0003000600100014,
    "path": 1.0003000600100014,
    "def": 2.003003212657768,
    "test_rank_no_color": 1.0006002100560123,
    "tmp_path": 4.006708147705883,
    "log": 8.016724207028412,
    "app": 1.0007002800840208,
    "write_text": 2.003905325580673,
    "info": 2.003905325580673,
    "start": 2.003905325580673,
    "one": 2.0052102753178858,
    "nerror": 2.003905325580673,
    "critical": 2.003905325580673,
    "fail": 1.0008003601200328,
    "n": 2.003905325580673,
    "encoding": 2.003905325580673,
    "utf": 2.003905325580673,
    "8": 2.003905325580673,
    "run": 3.0053069575317295,
    "with": 1.0009004501650494,
    "no": 5.011718202997756,
    "color": 4.009515430142962,
    "and": 2.005712229790065,
    "capture": 1.0009004501650494,
    "output": 3.010021643716734,
    "proc": 8.027155252583047,
    "executable": 2.004606968063487,
    "m": 2.004807448808368,
    "elaborlog": 2.005007949603328,
    "cli": 2.005007949603328,
    "rank": 2.005208470450373,
    "str": 2.0054090113515084,
    "top": 2.0057097424618355,
    "2": 2.0059103334951853,
    "capture_output": 2.0061109445896443,
    "true": 4.012221889179289,
    "text": 2.0061109445896443,
    "assert": 4.0132256671442965,
    "returncode": 2.006311575747219,
    "0": 2.006311575747219,
    "x1b": 2.006813610219116,
    "not": 3.009717964717714,
    "in": 5.018940422396195,
    "stdout": 4.016437169469147,
    "ansi": 4.013726758250796,
    "escapes": 2.0066126780065394,
    "test_rank_color_if_rich": 1.0024030026017556,
    "if": 5.019240099424384,
    "rich": 4.012621757316865,
    "is": 1.0025032529270483,
    "installed": 1.0025032529270483,
    "environment": 1.0025032529270483,
    "we": 1.0025032529270483,
    "expect": 1.0025032529270483,
    "codes": 1.0025032529270483,
    "unless": 1.0025032529270483,
    "provided": 1.0025032529270483,
    "try": 1.0026035132783764,
    "noqa": 1.002703783656742,
    "f401": 1.002703783656742,
    "except": 1.0028040640631484,
    "exception": 1.0028040640631484,
    "return": 1.002904354498598,
    "skip": 1.002904354498598,
    "silently": 1.002904354498598,
    "available": 1.002904354498598,
    "app2": 1.0030046549640945,
    "two": 1.0031049654606405,
    "boom": 1.0031049654606405,
    "env": 4.01492898905796,
    "environ": 1.0032052859892395,
    "copy": 1.0032052859892395,
    "force_color": 1.0033056165508947,
    "1": 1.0033056165508947,
    "presence": 1.0044099151978532,
    "of": 1.0044099151978532,
    "at": 2.0090207425150615,
    "least": 2.0090207425150615,
    "escape": 1.0044099151978532,
    "sequence": 1.0044099151978532,
    "accept": 1.0045103662344765,
    "either": 1.0045103662344765,
    "or": 1.0045103662344765,
    "fallback": 1.0045103662344765,
    "plain": 1.0045103662344765,
    "failed": 1.0045103662344765,
    "to": 1.0045103662344765,
    "rare": 1.0045103662344765,
    "windows": 1.0045103662344765,
    "ci": 1.0045103662344765,
    "cases": 1.0045103662344765,
    "ensure": 1.0046108273172083,
    "lines": 1.0046108273172083,
    "present": 1.0046108273172083,
    "novelty": 1.0048117796250156,
    "score": 1.0048117796250156
  },
  "template_counts": {
    "import os": 1.0,
    "import sys": 1.000100010001,
    "import subprocess": 1.0002000300040004,
    "from pathlib import Path": 1.0003000600100014,
    "def test_rank_no_color(tmp_path):": 1.0006002100560123,
    "log = tmp_path / <str>": 2.0037049350481153,
    "log.write_text(<str>, encoding=<str>)": 2.003905325580673,
    "# Run with --no-color and capture output": 1.0009004501650494,
    "proc = subprocess.run([": 2.0044065073666806,
    "sys.executable,": 2.004606968063487,
    "<str>,": 11.028245305635476,
    "str(log),": 2.0054090113515084,
    "], capture_output=True, text=True)": 1.0019019013307315,
    "assert proc.returncode == <num>": 2.006311575747219,
    "assert <str> not in proc.stdout # no ANSI escapes": 1.0021023117720629,
    "def test_rank_color_if_rich(tmp_path):": 1.0024030026017556,
    "# If rich is installed in environment, we expect ANSI codes unless --no-color provided.": 1.0025032529270483,
    "try:": 1.0026035132783764,
    "import rich # noqa: F401": 1.002703783656742,
    "except Exception:": 1.0028040640631484,
    "return # skip silently if rich not available": 1.002904354498598,
    "env = os.environ.copy()": 1.0032052859892395,
    "env[<str>] = <str>": 1.0033056165508947,
    "], capture_output=True, text=True, env=env)": 1.0042090432589128,
    "# Presence of at least one escape sequence": 1.0044099151978532,
    "# Accept either ANSI escapes or (fallback) plain output if rich failed to color (rare Windows CI cases).": 1.0045103662344765,
    "# If no ANSI, at least ensure output lines present.": 1.0046108273172083,
    "if <str> not in proc.stdout:": 1.004711298447053,
    "assert <str> in proc.stdout and <str> in proc.stdout": 1.0048117796250156
  },
  "total_tokens": 194.54650128440682,
  "total_templates": 45.11239070577834,
  "seen_lines": 49,
  "g": 0.9951117415971691,
  "last_decay_line": 49,
  "lines_truncated": 0,
  "lines_token_truncated": 0,
  "lines_dropped": 0,
  "renormalizations": 0
}